Name,Team,Position,Played,PassingYards,PassingTouchdowns,PassingInterceptions,RushingYards,RushingTouchdowns,Receptions,ReceivingYards,ReceivingTouchdowns,FumblesLost,FantasyPointsPerGame,FantasyPoints
Peyton Manning,DEN,QB,16,5477,55,10,-31,1,0,0,0,6,25.6,409.98
Drew Brees,NO,QB,16,5162,39,12,52,3,0,0,0,2,22.4,357.68
Jamaal Charles,KC,RB,15,0,0,0,1287,12,70,693,7,2,20.5,308
Cam Newton,CAR,QB,16,3379,24,13,585,6,0,0,0,1,18.6,297.66
Andrew Luck,IND,QB,16,3822,23,9,377,4,0,0,0,2,18.3,292.58
Andy Dalton,CIN,QB,16,4296,33,20,183,2,0,0,0,3,18,288.14
Philip Rivers,LAC,QB,16,4478,32,11,72,0,0,-9,0,2,18,287.42
Matthew Stafford,DET,QB,16,4650,29,19,74,2,0,0,0,4,17.5,279.4
LeSean McCoy,PHI,RB,16,0,0,0,1607,9,52,539,2,1,17.4,278.6
Russell Wilson,SEA,QB,16,3357,26,9,539,1,0,0,0,5,16.9,270.18
Colin Kaepernick,SF,QB,16,3197,21,8,524,4,0,0,0,4,16.5,264.28
Matt Forte,CHI,RB,16,0,0,0,1341,9,75,592,3,2,16.5,263.3
Tony Romo,DAL,QB,15,3828,31,10,38,0,0,0,0,1,17.4,260.92
Ben Roethlisberger,PIT,QB,16,4261,28,14,99,1,0,5,0,5,16.3,260.84
Nick Foles,PHI,QB,13,2891,27,2,221,3,0,0,0,2,20,259.74
Alex Smith,KC,QB,15,3313,23,7,431,1,1,-4,0,3,16.9,253.22
Tom Brady,NE,QB,16,4343,25,11,18,0,0,0,0,3,15.7,251.52
Matt Ryan,ATL,QB,16,4515,26,17,55,0,0,0,0,4,15.5,248.1
Marshawn Lynch,SEA,RB,16,0,0,0,1257,12,36,316,2,1,15,239.3
Ryan Tannehill,MIA,QB,16,3913,24,17,238,1,0,0,0,5,14.9,238.32
Knowshon Moreno,DEN,RB,16,0,0,0,1038,10,60,548,3,0,14.8,236.6
Josh Gordon,CLE,WR,14,0,0,0,88,0,87,1646,9,0,16.2,227.4
Demaryius Thomas,DEN,WR,16,0,0,0,0,0,92,1430,14,0,14.2,227
Calvin Johnson,DET,WR,14,0,0,0,0,0,84,1492,12,1,15.7,219.2
Jimmy Graham,NO,TE,16,0,0,0,0,0,86,1215,16,0,13.6,217.5
Carson Palmer,ARI,QB,16,4274,24,22,3,0,0,0,0,3,13.6,217.26
Robert Griffin III,WAS,QB,13,3203,16,12,489,0,0,0,0,4,16.4,213.02
AJ Green,CIN,WR,16,0,0,0,0,0,98,1426,11,0,13,208.6
Joe Flacco,BAL,QB,16,3912,19,22,131,1,0,0,0,2,13,207.58
Eddie Lacy,GB,RB,15,0,0,0,1178,11,35,257,0,1,13.8,207.5
Brandon Marshall,CHI,WR,16,0,0,0,0,0,100,1295,12,0,12.8,205.5
DeMarco Murray,DAL,RB,14,0,0,0,1121,9,53,350,1,1,14.6,205.1
Adrian Peterson,MIN,RB,14,0,0,0,1266,10,29,171,1,3,14.6,203.7
Dez Bryant,DAL,WR,16,0,0,0,1,0,93,1233,13,1,12.5,199.4
Antonio Brown,PIT,WR,16,15,0,0,4,0,110,1499,8,0,12.4,198.9
Chris Johnson,TEN,RB,16,0,0,0,1077,6,42,345,4,2,12.4,198.2
Alshon Jeffery,CHI,WR,16,0,0,0,105,0,89,1421,7,1,12.2,194.6
Geno Smith,NYJ,QB,16,3046,12,21,366,6,1,13,0,4,12.1,193.74
Eric Decker,DEN,WR,16,0,0,0,0,0,87,1288,11,1,12,192.8
DeSean Jackson,PHI,WR,16,0,0,0,2,0,82,1332,9,0,11.7,187.4
Fred Jackson,BUF,RB,16,0,0,0,896,9,46,375,1,0,11.7,187.1
Reggie Bush,DET,RB,14,0,0,0,1006,4,54,506,3,4,13.2,185.2
Ryan Mathews,LAC,RB,16,0,0,0,1255,6,26,189,1,1,11.5,184.4
Jordy Nelson,GB,WR,16,0,0,0,0,0,85,1314,8,0,11.2,179.4
Frank Gore,SF,RB,16,0,0,0,1128,9,16,141,0,3,10.9,174.9
Le'Veon Bell,PIT,RB,13,0,0,0,860,8,45,399,0,1,13.2,171.9
Andre Johnson,HOU,WR,16,0,0,0,0,0,109,1407,5,0,10.7,170.7
Eli Manning,NYG,QB,16,3818,18,27,36,0,0,0,0,2,10.6,170.32
Aaron Rodgers,GB,QB,9,2536,17,6,120,0,0,0,0,0,18.8,169.44
Alfred Morris,WAS,RB,16,0,0,0,1275,7,9,78,0,4,10.6,169.3
Jay Cutler,CHI,QB,11,2619,19,12,118,0,0,0,0,3,15.3,168.56
Giovani Bernard,CIN,RB,16,0,0,0,695,5,56,514,3,1,10.4,166.9
Ryan Fitzpatrick,TEN,QB,11,2454,14,12,225,3,1,0,0,2,15.2,166.66
Pierre Garcon,WAS,WR,16,0,0,0,19,0,113,1346,5,1,10.3,164.5
Vincent Jackson,TB,WR,16,0,0,0,0,0,78,1224,7,0,10.3,164.4
Joique Bell,DET,RB,16,0,0,0,650,8,53,547,0,3,10.2,163.7
Chad Henne,JAX,QB,15,3241,13,14,77,0,0,0,0,0,10.8,161.34
Vernon Davis,SF,TE,15,0,0,0,0,0,52,850,13,1,10.7,161
Anquan Boldin,SF,WR,16,0,0,0,11,0,85,1179,7,0,10.1,161
Mike Glennon,TB,QB,13,2608,19,9,37,0,0,0,0,4,12.2,158.02
Zac Stacy,LAR,RB,14,0,0,0,973,7,26,141,1,1,11.2,157.4
Larry Fitzgerald,ARI,WR,16,0,0,0,8,0,82,954,10,1,9.6,154.2
Julius Thomas,DEN,TE,14,0,0,0,0,0,65,788,12,0,10.8,150.8
Keenan Allen,LAC,WR,15,0,0,0,0,0,71,1046,8,2,9.9,148.6
Danny Woodhead,LAC,RB,16,0,0,0,429,2,76,605,6,2,9.2,147.4
Julian Edelman,NE,WR,16,0,0,0,11,0,105,1056,6,0,9.2,146.7
Maurice Jones-Drew,JAX,RB,15,8,1,0,803,5,43,314,0,1,9.6,144.02
Terrelle Pryor,OAK,WR,11,1798,7,11,576,2,0,0,0,2,13,143.52
T.Y. Hilton,IND,WR,16,0,0,0,6,0,82,1083,5,0,8.7,138.9
Torrey Smith,BAL,WR,16,0,0,0,0,0,65,1128,4,0,8.7,138.8
Rashad Jennings,OAK,RB,15,0,0,0,733,6,36,292,0,0,9.2,138.5
Marvin Jones,CIN,WR,16,0,0,0,65,0,51,712,10,0,8.6,137.7
DeAngelo Williams,CAR,RB,15,0,0,0,843,3,26,333,1,2,9.2,137.6
Riley Cooper,PHI,WR,16,0,0,0,18,0,47,835,8,0,8.6,137.3
Josh McCown,CHI,QB,8,1829,13,1,69,1,0,0,0,1,17,136.06
Tony Gonzalez,ATL,TE,16,0,0,0,0,0,83,859,8,0,8.5,135.9
Wes Welker,DEN,WR,13,0,0,0,0,0,73,778,10,1,10.4,135.8
Pierre Thomas,NO,RB,16,0,0,0,549,2,77,513,3,1,8.4,134.2
Michael Floyd,ARI,WR,16,0,0,0,0,0,65,1041,5,0,8.4,134.1
Jordan Cameron,CLE,TE,15,0,0,0,0,0,80,917,7,0,8.9,133.7
EJ Manuel,BUF,QB,10,1972,11,9,186,2,0,0,0,3,13.3,133.48
Jason Witten,DAL,TE,16,0,0,0,0,0,73,851,8,0,8.3,133.1
Andre Ellington,ARI,RB,15,0,0,0,652,3,39,371,1,0,8.4,126.3
Mike Wallace,MIA,WR,16,0,0,0,33,0,73,930,5,0,7.9,126.3
Rashard Mendenhall,ARI,RB,15,0,0,0,687,8,18,134,0,3,8.4,126.1
Brian Hartline,MIA,WR,16,0,0,0,0,0,76,1016,4,0,7.8,125.6
Marques Colston,NO,WR,15,0,0,0,0,0,75,943,5,0,8.3,124.3
Donald Brown,IND,RB,16,0,0,0,537,6,27,214,2,0,7.7,123.1
Golden Tate,SEA,WR,16,0,0,0,31,0,64,898,5,0,7.7,122.9
CJ Spiller,BUF,RB,15,0,0,0,927,2,34,197,0,1,8.2,122.4
Victor Cruz,NYG,WR,14,0,0,0,0,0,73,998,4,1,8.7,121.8
Ray Rice,BAL,RB,15,0,0,0,660,4,58,321,0,2,8,120.1
Kendall Wright,TEN,WR,16,0,0,0,0,0,94,1079,2,0,7.5,119.9
Jerricho Cotchery,PIT,WR,16,0,0,0,-5,0,46,602,10,0,7.5,119.7
Charles Clay,MIA,TE,16,0,0,0,15,1,69,759,6,0,7.5,119.4
LeGarrette Blount,NE,RB,16,0,0,0,772,7,2,38,0,2,7.4,119
Sam Bradford,LAR,QB,7,1687,14,4,31,0,0,0,0,1,16.9,118.58
Greg Olsen,CAR,TE,16,0,0,0,0,0,73,816,6,0,7.4,117.6
Stevan Ridley,NE,RB,14,0,0,0,773,7,10,62,0,4,8.4,117.5
BenJarvus Green-Ellis,CIN,RB,16,0,0,0,756,7,4,22,0,2,7.2,115.8
Jason Campbell,CLE,QB,9,2015,11,8,107,0,0,0,0,2,12.8,115.3
Steven Jackson,ATL,RB,12,0,0,0,542,6,33,191,1,0,9.6,115.3
Harry Douglas,ATL,WR,16,0,0,0,0,0,85,1067,2,2,7.2,114.7
Emmanuel Sanders,PIT,WR,16,0,0,0,25,0,67,740,6,0,7.2,114.5
Rod Streater,OAK,WR,16,0,0,0,17,0,60,888,4,1,7,112.5
Eddie Royal,LAC,WR,15,0,0,0,21,0,47,631,8,1,7.4,111.2
Ben Tate,HOU,RB,14,0,0,0,771,4,34,140,0,2,7.9,111.1
Trent Richardson,IND,RB,16,0,0,0,563,3,35,316,1,1,6.9,109.9
Nate Washington,TEN,WR,16,0,0,0,0,0,58,919,3,0,6.9,109.9
Doug Baldwin,SEA,WR,16,0,0,0,6,0,50,778,5,0,6.8,108.4
Matt Cassel,MIN,QB,9,1807,11,9,57,1,0,0,0,1,12,107.98
Antonio Gates,LAC,TE,16,0,0,0,0,0,77,872,4,2,6.7,107.2
Christian Ponder,MIN,QB,9,1648,7,9,151,4,0,0,0,4,11.9,107.02
Matt Schaub,HOU,QB,10,2310,10,14,24,0,0,0,0,1,10.5,104.8
Cordarrelle Patterson,MIN,WR,16,0,0,0,158,3,45,469,4,0,6.5,104.7
Greg Jennings,MIN,WR,15,0,0,0,0,0,68,804,4,0,7,104.4
Bilal Powell,NYJ,RB,16,30,0,0,697,1,36,272,0,0,6.5,104.1
Martellus Bennett,CHI,TE,16,0,0,0,0,0,65,759,5,1,6.5,103.9
Case Keenum,HOU,QB,8,1760,9,6,72,1,0,0,0,2,13,103.6
Darren Sproles,NO,RB,15,0,0,0,220,2,71,604,2,2,6.8,102.4
Chris Ivory,NYJ,RB,15,0,0,0,833,3,2,10,0,0,6.8,102.3
Terrance Williams,DAL,WR,16,0,0,0,4,0,44,736,5,2,6.4,102
Michael Vick,PHI,QB,7,1215,5,3,306,2,0,-2,0,2,14.4,101
Jake Locker,TEN,QB,7,1256,8,4,155,2,0,0,0,1,14.2,99.74
Denarius Moore,OAK,WR,13,0,0,0,0,0,46,695,5,0,7.7,99.5
Steve Smith,CAR,WR,15,0,0,0,0,0,64,745,4,0,6.6,98.5
Lamar Miller,MIA,RB,16,0,0,0,709,2,26,170,0,1,6.1,97.9
James Jones,GB,WR,14,0,0,0,0,0,59,817,3,1,7,97.7
Dwayne Bowe,KC,WR,15,0,0,0,0,0,57,673,5,0,6.5,97.3
Mike Tolbert,CAR,FB,16,0,0,0,361,5,27,184,2,0,6,96.5
Marlon Brown,BAL,WR,14,0,0,0,-2,0,49,524,7,0,6.9,96.2
Cecil Shorts,JAX,WR,13,0,0,0,0,0,66,777,3,0,7.4,95.7
Bobby Rainey,TB,RB,16,0,0,0,566,5,15,46,1,1,6,95.2
Jared Cook,LAR,TE,16,0,0,0,0,0,51,671,5,1,5.9,95.1
Rueben Randle,NYG,WR,16,0,0,0,0,0,41,611,6,1,5.9,95.1
Kenny Stills,NO,WR,16,0,0,0,10,0,32,641,5,0,5.9,95.1
Brandon LaFell,CAR,WR,16,0,0,0,15,0,49,627,5,0,5.9,94.2
Delanie Walker,TEN,TE,15,0,0,0,0,0,60,571,6,0,6.2,93.1
Jarrett Boykin,GB,WR,16,0,0,0,0,1,49,681,3,0,5.8,92.1
DeAndre Hopkins,HOU,WR,16,0,0,0,0,0,52,802,2,1,5.6,90.2
Brandon Weeden,CLE,QB,8,1731,9,9,44,0,0,0,0,2,11.2,89.64
Hakeem Nicks,NYG,WR,15,0,0,0,0,0,56,896,0,0,6,89.6
Jacquizz Rodgers,ATL,RB,15,0,0,0,333,2,52,341,2,1,6,89.4
Coby Fleener,IND,TE,16,0,0,0,0,0,52,608,4,0,5.6,88.8
Montee Ball,DEN,RB,16,0,0,0,561,4,20,145,0,3,5.5,88.6
Ted Ginn,CAR,WR,16,0,0,0,29,0,36,556,5,0,5.5,88.5
Shane Vereen,NE,RB,8,0,0,0,208,1,47,427,3,0,10.9,87.5
Tim Wright,TB,TE,16,0,0,0,2,0,54,571,5,0,5.5,87.3
Roddy White,ATL,WR,13,0,0,0,0,0,63,711,3,1,6.7,87.1
Arian Foster,HOU,RB,8,0,0,0,542,1,22,183,1,0,10.8,86.5
Kellen Clemens,LAR,QB,10,1673,8,7,64,0,0,0,0,4,8.5,85.32
Tavon Austin,LAR,WR,13,0,0,0,151,1,40,418,4,1,6.5,84.9
Brent Celek,PHI,TE,16,0,0,0,0,0,32,502,6,1,5.3,84.2
Rob Gronkowski,NE,TE,7,0,0,0,0,0,39,592,4,0,11.9,83.2
Daniel Thomas,MIA,RB,15,0,0,0,406,4,15,63,2,0,5.5,82.9
Garrett Graham,HOU,TE,13,0,0,0,0,0,49,545,5,1,6.3,82.5
James Starks,GB,RB,13,0,0,0,493,3,10,89,1,0,6.3,82.2
Darren McFadden,OAK,RB,10,16,1,0,379,5,17,108,0,1,8.1,81.34
Robert Woods,BUF,WR,14,0,0,0,16,0,40,587,3,0,5.7,80.3
Marcel Reece,OAK,FB,16,22,0,0,218,2,32,331,2,0,5,79.78
Steve Johnson,BUF,WR,12,0,0,0,10,0,52,597,3,1,6.6,78.7
Jerome Simpson,MIN,WR,16,0,0,0,0,0,48,726,1,0,4.9,78.6
Matt McGloin,OAK,QB,7,1547,8,8,27,0,0,0,0,1,11.2,78.58
Roy Helu,WAS,RB,16,0,0,0,274,4,31,251,0,0,4.8,76.5
Brandon Myers,NYG,TE,16,0,0,0,0,0,47,522,4,0,4.8,76.2
Aaron Dobson,NE,WR,12,0,0,0,0,0,37,519,4,0,6.3,75.9
Scott Chandler,BUF,TE,16,0,0,0,0,0,53,655,2,1,4.7,75.5
Danny Amendola,NE,WR,12,0,0,0,1,0,54,633,2,0,6.3,75.4
Randall Cobb,GB,WR,6,0,0,0,78,0,31,433,4,0,12.5,75.1
Andre Brown,NYG,RB,8,0,0,0,492,3,20,103,0,3,9.2,73.5
Matt Flynn,GB,QB,7,1392,8,5,65,0,0,0,0,6,10.3,72.18
Jeremy Kerley,NYJ,WR,12,0,0,0,11,0,43,523,3,0,6,71.4
Zach Ertz,PHI,TE,16,0,0,0,0,0,36,469,4,0,4.4,70.9
Kenbrell Thompkins,NE,WR,12,0,0,0,0,0,32,466,4,0,5.9,70.6
Donnie Avery,KC,WR,16,0,0,0,6,0,40,596,2,1,4.4,70.2
Jordan Reed,WAS,TE,9,0,0,0,18,0,45,499,3,0,7.7,69.7
Julio Jones,ATL,WR,5,0,0,0,7,0,41,580,2,1,13.7,68.7
Zach Miller,SEA,TE,14,0,0,0,0,0,33,387,5,0,4.9,68.7
Tiquan Underwood,TB,WR,12,0,0,0,0,0,24,440,4,0,5.7,68
Chris Ogbonnaya,CLE,RB,16,0,0,0,239,0,48,343,2,2,4.1,66.2
Bernard Pierce,BAL,RB,16,0,0,0,436,2,20,104,0,0,4.1,66
Reggie Wayne,IND,WR,7,0,0,0,5,0,38,503,2,0,9.3,64.8
Mychal Rivera,OAK,TE,16,0,0,0,0,0,38,407,4,0,4,64.7
Joseph Fauria,DET,TE,16,0,0,0,0,0,18,207,7,0,4,64.7
Jermaine Gresham,CIN,TE,14,0,0,0,0,0,46,461,4,3,4.6,64.1
Austin Pettis,LAR,WR,16,0,0,0,0,0,38,399,4,0,4,63.9
Jeff Cumberland,NYJ,TE,15,0,0,0,0,0,26,398,4,0,4.3,63.8
Dexter McCluster,KC,RB,15,0,0,0,5,0,53,511,2,0,4.2,63.6
Heath Miller,PIT,TE,14,0,0,0,0,0,58,593,1,1,4.5,63.3
Jason Snelling,ATL,RB,14,0,0,0,164,1,29,216,3,0,4.4,62
Jarius Wright,MIN,WR,16,0,0,0,0,0,26,434,3,0,3.8,61.4
Brandon Bolden,NE,RB,12,0,0,0,271,3,21,152,0,0,5,60.3
Ace Sanders,JAX,WR,15,21,1,0,4,0,51,484,1,0,4,59.64
Justin Hunter,TEN,WR,14,0,0,0,0,0,18,354,4,0,4.2,59.4
Andre Roberts,ARI,WR,16,0,0,0,0,0,43,471,2,0,3.7,59.1
Kris Durham,DET,WR,16,0,0,0,0,0,38,490,2,1,3.7,59
Thaddeus Lewis,BUF,QB,6,1092,4,3,52,1,0,0,0,3,9.8,58.88
Greg Little,CLE,WR,16,0,0,0,0,0,41,465,2,0,3.7,58.5
Mohamed Sanu,CIN,WR,16,25,0,0,16,0,47,455,2,1,3.6,58.1
Marcedes Lewis,JAX,TE,11,0,0,0,0,0,25,359,4,1,5.3,57.9
Jacoby Jones,BAL,WR,12,0,0,0,0,0,37,455,2,0,4.8,57.5
Shonn Greene,TEN,RB,11,0,0,0,295,4,6,39,0,0,5.2,57.4
Rishard Matthews,MIA,WR,16,0,0,0,0,0,41,448,2,0,3.6,56.8
Jermaine Kearse,SEA,WR,15,0,0,0,0,0,22,346,4,1,3.8,56.6
Tyler Eifert,CIN,TE,15,0,0,0,0,0,39,445,2,0,3.8,56.5
Doug Martin,TB,RB,6,0,0,0,456,1,12,66,0,1,9.4,56.2
Santana Moss,WAS,WR,16,0,0,0,25,0,42,452,2,2,3.5,55.7
Chris Givens,LAR,WR,16,0,0,0,8,0,34,569,0,1,3.5,55.7
Lance Moore,NO,WR,13,0,0,0,0,0,37,457,2,1,4.3,55.7
Ladarius Green,LAC,TE,16,0,0,0,0,0,17,376,3,0,3.5,55.6
Leonard Hankerson,WAS,WR,10,0,0,0,0,0,30,375,3,0,5.6,55.5
Jordan Todman,JAX,RB,16,0,0,0,256,2,14,116,1,0,3.4,55.2
Jason Avant,PHI,WR,16,0,0,0,0,0,38,447,2,1,3.4,54.7
Jerrel Jernigan,NYG,WR,15,0,0,0,57,1,29,329,2,1,3.6,54.6
Mike Brown,JAX,WR,11,0,0,0,0,0,32,446,2,1,5,54.6
David Nelson,NYJ,WR,12,0,0,0,0,0,36,423,2,0,4.5,54.3
Bryce Brown,PHI,RB,16,0,0,0,314,2,8,84,0,0,3.4,53.8
Knile Davis,KC,RB,16,0,0,0,242,4,11,75,0,1,3.4,53.7
Vincent Brown,LAC,WR,16,0,0,0,0,0,41,472,1,0,3.3,53.2
Kendall Hunter,SF,RB,16,0,0,0,358,3,2,13,0,1,3.3,53.1
Dallas Clark,BAL,TE,12,0,0,0,0,0,31,343,3,0,4.4,52.3
Santonio Holmes,NYJ,WR,11,0,0,0,0,0,23,456,1,0,4.7,51.6
Brandon Pettigrew,DET,TE,14,0,0,0,0,0,41,416,2,1,3.7,51.6
Mark Ingram,NO,RB,11,0,0,0,386,1,7,68,0,0,4.7,51.4
Rob Housler,ARI,TE,13,0,0,0,0,0,39,454,1,0,4,51.4
Nate Burleson,DET,WR,9,0,0,0,-8,0,39,461,1,0,5.7,51.3
Kellen Winslow,NYJ,TE,12,0,0,0,0,0,31,388,2,0,4.2,50.8
Brandon Gibson,MIA,WR,7,0,0,0,0,0,30,326,3,0,7.2,50.6
Earl Bennett,CHI,WR,15,0,0,0,0,0,32,243,4,0,3.4,50.3
Lance Kendricks,LAR,TE,15,0,0,0,0,0,32,258,4,0,3.3,49.8
Willis McGahee,CLE,RB,12,0,0,0,377,2,8,20,0,1,4.1,49.7
Kyle Rudolph,MIN,TE,8,0,0,0,0,0,30,313,3,0,6.2,49.3
Andre Holmes,OAK,WR,10,0,0,0,0,0,25,431,1,0,4.9,49.1
Cole Beasley,DAL,WR,14,0,0,0,0,0,39,368,2,0,3.5,48.8
Michael Bush,CHI,RB,15,0,0,0,197,3,4,48,1,0,3.2,48.5
Davone Bess,CLE,WR,14,0,0,0,0,0,42,362,2,1,3.4,48.2
Aldrick Robinson,WAS,WR,16,0,0,0,-4,0,18,365,2,0,3,48.1
Jermichael Finley,GB,TE,6,0,0,0,0,0,25,300,3,0,8,48
TJ Graham,BUF,WR,16,0,0,0,14,0,23,361,2,1,3,47.5
Justin Blackmon,JAX,WR,4,0,0,0,-1,0,29,415,1,0,11.8,47.4
Toby Gerhart,MIN,RB,14,0,0,0,283,2,13,88,0,1,3.4,47.1
Brandon Jacobs,NYG,RB,7,0,0,0,238,4,2,13,0,1,6.7,47.1
Marquise Goodwin,BUF,WR,12,0,0,0,13,0,17,283,3,1,3.8,45.6
Robert Meachem,NO,WR,15,0,0,0,-1,0,16,324,2,0,3,44.3
Peyton Hillis,NYG,RB,7,0,0,0,247,2,13,96,0,1,6.3,44.3
Owen Daniels,HOU,TE,5,0,0,0,0,0,24,252,3,0,8.6,43.2
Andrew Quarless,GB,TE,16,0,0,0,0,0,32,312,2,0,2.7,43.2
Brian Quick,LAR,WR,16,0,0,0,0,0,18,302,2,0,2.6,42.2
Sean McGrath,KC,TE,16,0,0,0,0,0,26,302,2,0,2.6,42.2
Logan Paulsen,WAS,TE,16,0,0,0,0,0,28,267,3,2,2.5,40.7
Brian Hoyer,CLE,QB,3,615,5,3,16,0,0,0,0,0,13.4,40.2
Darrius Heyward-Bey,IND,WR,16,0,0,0,26,0,29,309,1,0,2.5,39.5
Clay Harbor,JAX,TE,16,0,0,0,0,0,24,292,2,1,2.4,39.2
Sidney Rice,SEA,WR,8,0,0,0,0,0,15,231,3,1,4.9,39.1
Kevin Ogletree,DET,WR,16,0,0,0,0,0,21,269,2,0,2.4,38.9
Andre Caldwell,DEN,WR,16,0,0,0,7,0,16,200,3,0,2.4,38.7
John Carlson,MIN,TE,13,0,0,0,0,0,32,344,1,1,3,38.4
Stephen Hill,NYJ,WR,12,0,0,0,0,0,24,342,1,1,3.2,38.2
Benjamin Cunningham,LAR,RB,14,0,0,0,261,1,6,59,0,1,2.7,38
Anthony Fasano,KC,TE,9,0,0,0,0,0,23,200,3,0,4.2,38
Griff Whalen,IND,WR,9,0,0,0,0,0,24,259,2,0,4.2,37.9
Mike James,TB,RB,9,2,1,0,295,0,10,43,0,0,4.2,37.88
Ronnie Hillman,DEN,RB,10,0,0,0,218,1,12,119,0,1,3.8,37.7
Brian Leonard,TB,RB,16,0,0,0,182,0,29,179,0,0,2.3,36.1
Fozzy Whittaker,CLE,RB,14,0,0,0,80,0,21,155,2,0,2.5,35.5
Keshawn Martin,HOU,WR,16,0,0,0,0,0,22,253,2,1,2.2,35.3
Darrel Young,WAS,FB,13,0,0,0,41,3,4,71,1,0,2.7,35.2
Ahmad Bradshaw,IND,RB,3,0,0,0,186,2,7,42,0,0,11.6,34.8
Edwin Baker,CLE,RB,3,0,0,0,171,2,8,57,0,0,11.6,34.8
Benjamin Watson,NO,TE,15,0,0,0,0,0,19,226,2,0,2.3,34.6
Joseph Randle,DAL,RB,13,0,0,0,164,2,8,61,0,0,2.7,34.5
Michael Crabtree,SF,WR,5,0,0,0,0,0,19,284,1,0,6.9,34.4
Scott Tolzien,GB,QB,3,717,1,5,55,1,0,0,0,0,11.4,34.18
Chris Polk,PHI,RB,15,0,0,0,98,3,4,61,0,0,2.3,33.9
Matt Asiata,MIN,RB,11,0,0,0,166,3,5,13,0,1,3.1,33.9
Daryl Richardson,LAR,RB,8,0,0,0,215,0,14,121,0,0,4.2,33.6
Mike Williams,TB,WR,6,0,0,0,0,0,22,216,2,0,5.6,33.6
Drew Davis,ATL,WR,16,0,0,0,0,0,12,216,2,0,2.1,33.6
Kirk Cousins,WAS,QB,5,854,4,7,14,0,0,0,0,2,6.7,33.56
Ed Dickson,BAL,TE,16,0,0,0,0,0,25,273,1,0,2.1,33.3
Luke Willson,SEA,TE,16,0,0,0,0,0,20,272,1,0,2.1,33.2
Stedman Bailey,LAR,WR,16,0,0,0,33,1,17,226,0,0,2,31.9
Jim Dray,ARI,TE,16,0,0,0,0,0,26,215,2,1,2,31.5
Da'Rick Rogers,IND,WR,5,0,0,0,0,0,14,192,2,0,6.2,31.2
Josh Freeman,MIN,QB,4,761,2,4,20,0,0,0,0,1,7.6,30.44
Ryan Griffin,HOU,TE,15,0,0,0,0,0,19,244,1,0,2,30.4
Robert Turbin,SEA,RB,16,0,0,0,264,0,8,60,0,1,1.9,30.4
Kerry Taylor,JAX,WR,10,0,0,0,0,0,22,229,1,0,2.9,28.9
Tandon Doss,BAL,WR,15,0,0,0,0,0,19,305,0,1,1.9,28.5
Khiry Robinson,NO,RB,10,0,0,0,224,1,0,0,0,0,2.8,28.4
LaVon Brazill,IND,WR,10,0,0,0,0,0,12,161,2,0,2.8,28.1
Ronnie Brown,LAC,RB,16,0,0,0,157,1,8,60,0,0,1.7,27.7
Antone Smith,ATL,RB,15,0,0,0,145,2,2,10,0,0,1.8,27.5
Jonathan Dwyer,PIT,RB,15,0,0,0,197,0,8,64,0,0,1.7,26.1
Bruce Miller,SF,FB,14,0,0,0,13,0,25,243,0,0,1.8,25.6
Gavin Escobar,DAL,TE,16,0,0,0,0,0,9,134,2,0,1.6,25.4
Darius Johnson,ATL,WR,10,0,0,0,0,0,22,210,1,1,2.5,25
Gary Barnidge,CLE,TE,16,0,0,0,0,0,13,127,2,0,1.5,24.7
Frank Summers,BUF,FB,15,0,0,0,46,1,7,79,1,0,1.6,24.5
Miles Austin,DAL,WR,11,0,0,0,0,0,24,244,0,0,2.2,24.4
